your money,-1.0
the worst,-1.0
not even,-1.0
than this,-1.0
needs to,-1.0
i mean,-1.0
like they,-1.0
trying to,-1.0
none of,-1.0
at all,-1.0
is only,-1.0
to like,-1.0
is nothing,-1.0
just not,-1.0
sounds like,-1.0
no one,-1.0
am a,-1.0
a decent,-1.0
because the,-1.0
are so,-1.0
wanted to,-1.0
you want,-1.0
do not,-1.0
she is,-1.0
i wanted,-1.0
i guess,-1.0
they could,-1.0
should have,-1.0
what the,-1.0
does not,-1.0
know what,-1.0
the only,-1.0
good songs,-1.0
a real,-1.0
piece of,-1.0
big fan,-1.0
if i,-1.0
try to,-1.0
you would,-1.0
was so,-1.0
like i,-1.0
decided to,-1.0
much better,-1.0
thought it,-1.0
used to,-1.0
let me,-1.0
i thought,-1.0
more like,-1.0
buy the,-1.0
a huge,-1.0
too much,-1.0
lack of,-1.0
sound like,-1.0
up with,-1.0
good song,-1.0
it sounds,-1.0
because they,-1.0
except for,-1.0
at a,-1.0
i could,-1.0
some good,-1.0
the real,-1.0
to do,-1.0
as if,-1.0
was just,-1.0
makes me,-1.0
she has,-1.0
and her,-1.0
if they,-1.0
want to,-1.0
am not,-1.0
the old,-1.0
what a,-1.0
to some,-1.0
or even,-1.0
i want,-1.0
a big,-1.0
at least,-1.0
are not,-1.0
i hope,-1.0
is not,-1.0
this release,-1.0
but this,-1.0
can not,-1.0
i am,-1.0
to play,-1.0
did not,-1.0
give this,-1.0
is just,-1.0
this band,-1.0
i expected,-1.0
not the,-1.0
all i,-1.0
make a,-1.0
only one,-1.0
why i,-1.0
i did,-1.0
i listened,-1.0
instead of,-1.0
tell you,-1.0
i do,-1.0
pick up,-1.0
like a,-1.0
are just,-1.0
he does,-1.0
these guys,-1.0
the rest,-1.0
any of,-1.0
the original,-1.0
it just,-1.0
the reason,-1.0
people who,-1.0
is to,-1.0
rest of,-1.0
that there,-1.0
i will,-1.0
make the,-1.0
but then,-1.0
a bad,-1.0
to sing,-1.0
they have,-1.0
to give,-1.0
put out,-1.0
and that,-1.0
make it,-1.0
it seems,-1.0
too many,-1.0
sound quality,-1.0
just do,-1.0
then i,-1.0
like the,-1.0
bought this,-1.0
got a,-1.0
to make,-1.0
they were,-1.0
other than,-1.0
would be,-1.0
if it,-1.0
i know,-1.0
could have,-1.0
quality is,-1.0
to say,-1.0
when they,-1.0
was very,-1.0
that she,-1.0
a band,-1.0
the same,-1.0
going to,-1.0
was an,-1.0
get a,-1.0
even the,-1.0
this to,-1.0
would have,-1.0
but that,-1.0
album was,-1.0
agree with,-1.0
by this,-1.0
songs i,-1.0
i bought,-1.0
they do,-1.0
to put,-1.0
might be,-1.0
lyrics are,-1.0
able to,-1.0
get me,-1.0
when he,-1.0
the past,-1.0
because of,-1.0
need to,-1.0
one song,-1.0
me wrong,-1.0
versions of,-1.0
of time,-1.0
because i,-1.0
to buy,-1.0
to go,-1.0
away from,-1.0
about it,-1.0
the entire,-1.0
enough to,-1.0
all over,-1.0
he has,-1.0
what i,-1.0
to be,-1.0
that was,-1.0
is it,-1.0
had to,-1.0
had the,-1.0
is what,-1.0
is no,-1.0
i heard,-1.0
up to,-1.0
what is,-1.0
i just,-1.0
music and,-1.0
if the,-1.0
of her,-1.0
the case,-1.0
sort of,-1.0
new album,-1.0
to take,-1.0
i really,-1.0
should be,-1.0
i give,-1.0
i ca,-1.0
it does,-1.0
what he,-1.0
but if,-1.0
like this,-1.0
but the,-1.0
have the,-1.0
pretty much,-1.0
here and,-1.0
was not,-1.0
band that,-1.0
on it,-1.0
the cover,-1.0
it would,-1.0
that has,-1.0
but they,-1.0
album i,-1.0
i would,-1.0
bought it,-1.0
these songs,-1.0
be a,-1.0
the vocals,-1.0
not that,-1.0
his own,-1.0
and not,-1.0
band is,-1.0
i was,-1.0
not have,-1.0
the movie,-1.0
they are,-1.0
of some,-1.0
not a,-1.0
as far,-1.0
say that,-1.0
it could,-1.0
so i,-1.0
the fact,-1.0
his voice,-1.0
there was,-1.0
first album,-1.0
ever heard,-1.0
fan of,-1.0
what you,-1.0
but i,-1.0
there is,-1.0
fact that,-1.0
are some,-1.0
but not,-1.0
is so,-1.0
for that,-1.0
you should,-1.0
the recording,-1.0
they had,-1.0
about the,-1.0
far as,-1.0
a whole,-1.0
music is,-1.0
have been,-1.0
is pretty,-1.0
what they,-1.0
been a,-1.0
with this,-1.0
when it,-1.0
a better,-1.0
a couple,-1.0
couple of,-1.0
like that,-1.0
is that,-1.0
is about,-1.0
for some,-1.0
it was,-1.0
the songs,-1.0
these are,-1.0
the record,-1.0
of them,-1.0
and they,-1.0
out of,-1.0
to get,-1.0
her voice,-1.0
think this,-1.0
when the,-1.0
think that,-1.0
not really,-1.0
but in,-1.0
on here,-1.0
his music,-1.0
in this,-1.0
i got,-1.0
most of,-1.0
in that,-1.0
from this,-1.0
but he,-1.0
seems to,-1.0
had a,-1.0
so many,-1.0
there are,-1.0
he is,-1.0
out there,-1.0
i can,-1.0
since the,-1.0
are good,-1.0
for this,-1.0
quality of,-1.0
being a,-1.0
to me,-1.0
that the,-1.0
it up,-1.0
and there,-1.0
it in,-1.0
buy this,-1.0
for me,-1.0
but there,-1.0
seem to,-1.0
looking for,-1.0
as i,-1.0
are the,-1.0
on this,-1.0
that would,-1.0
heard it,-1.0
the studio,-1.0
rather than,0.0
and all,0.0
hear the,0.0
time and,0.0
but for,0.0
into a,0.0
you are,1.0
that it,1.0
of this,1.0
back to,1.0
such a,1.0
for it,1.0
they did,1.0
so much,1.0
off the,1.0
listened to,1.0
part of,1.0
have to,1.0
that they,1.0
that i,1.0
than a,1.0
may be,1.0
close to,1.0
that this,1.0
but you,1.0
to my,1.0
and he,1.0
this music,1.0
get the,1.0
the band,1.0
this disc,1.0
listen to,1.0
all that,1.0
the point,1.0
just like,1.0
i find,1.0
i have,1.0
only a,1.0
to this,1.0
from a,1.0
will be,1.0
the lyrics,1.0
better than,1.0
just a,1.0
up and,1.0
that song,1.0
compared to,1.0
way to,1.0
the whole,1.0
it will,1.0
while i,1.0
i feel,1.0
the big,1.0
think the,1.0
know that,1.0
their own,1.0
over and,1.0
me to,1.0
since i,1.0
it on,1.0
was a,1.0
on a,1.0
of a,1.0
a lot,1.0
songs are,1.0
to her,1.0
to a,1.0
the last,1.0
who is,1.0
to hear,1.0
and over,1.0
out the,1.0
the new,1.0
i saw,1.0
i had,1.0
i liked,1.0
came out,1.0
are a,1.0
have ever,1.0
and then,1.0
of you,1.0
the quality,1.0
of these,1.0
had been,1.0
about this,1.0
but as,1.0
that are,1.0
while the,1.0
greatest hits,1.0
much of,1.0
due to,1.0
up the,1.0
which was,1.0
he was,1.0
check out,1.0
with that,1.0
on their,1.0
buy it,1.0
and just,1.0
or the,1.0
when i,1.0
listening to,1.0
and their,1.0
have a,1.0
tracks on,1.0
time to,1.0
on my,1.0
where the,1.0
of that,1.0
version of,1.0
style of,1.0
my opinion,1.0
type of,1.0
has been,1.0
much more,1.0
like it,1.0
for the,1.0
be the,1.0
and was,1.0
of it,1.0
not for,1.0
the radio,1.0
hard to,1.0
songs on,1.0
is really,1.0
the other,1.0
this album,1.0
and even,1.0
kind of,1.0
was the,1.0
has to,1.0
is all,1.0
i also,1.0
me a,1.0
to have,1.0
to listen,1.0
on the,1.0
that is,1.0
in the,1.0
hip hop,1.0
that he,1.0
out in,1.0
is quite,1.0
voice is,1.0
and have,1.0
not to,1.0
for a,1.0
a pretty,1.0
could be,1.0
of what,1.0
of those,1.0
in fact,1.0
the music,1.0
but a,1.0
the sound,1.0
more than,1.0
all the,1.0
this one,1.0
by far,1.0
which is,1.0
think of,1.0
some songs,1.0
and has,1.0
i think,1.0
to know,1.0
the next,1.0
and i,1.0
the production,1.0
are very,1.0
album is,1.0
is in,1.0
a good,1.0
in their,1.0
come to,1.0
an album,1.0
and the,1.0
vocals are,1.0
to see,1.0
really like,1.0
i must,1.0
but it,1.0
number of,1.0
songs that,1.0
out to,1.0
you know,1.0
as an,1.0
back in,1.0
a long,1.0
i loved,1.0
of the,1.0
if you,1.0
after the,1.0
more of,1.0
and if,1.0
lot of,1.0
it to,1.0
this was,1.0
for my,1.0
you get,1.0
one is,1.0
a fan,1.0
you could,1.0
is better,1.0
a few,1.0
to come,1.0
of songs,1.0
their first,1.0
give it,1.0
little more,1.0
it is,1.0
to the,1.0
it for,1.0
songs and,1.0
album and,1.0
i still,1.0
then you,1.0
on me,1.0
is good,1.0
many of,1.0
with the,1.0
as a,1.0
it really,1.0
was released,1.0
of his,1.0
because it,1.0
may have,1.0
of music,1.0
much as,1.0
the day,1.0
is very,1.0
songs from,1.0
will not,1.0
a new,1.0
sound and,1.0
and some,1.0
out and,1.0
has some,1.0
by the,1.0
the disc,1.0
of their,1.0
as the,1.0
to his,1.0
in my,1.0
the guitar,1.0
pretty good,1.0
think it,1.0
in a,1.0
and it,1.0
a listen,1.0
the first,1.0
which i,1.0
is much,1.0
the group,1.0
and his,1.0
the one,1.0
other songs,1.0
it and,1.0
in his,1.0
find it,1.0
lyrics and,1.0
from the,1.0
it all,1.0
those who,1.0
is more,1.0
when you,1.0
the video,1.0
you ca,1.0
i wish,1.0
every song,1.0
i found,1.0
has the,1.0
i like,1.0
all of,1.0
the album,1.0
that you,1.0
after a,1.0
this record,1.0
is the,1.0
5 stars,1.0
over the,1.0
by a,1.0
the good,1.0
heard the,1.0
for you,1.0
a single,1.0
to keep,1.0
album are,1.0
a different,1.0
sound is,1.0
full of,1.0
the top,1.0
as much,1.0
some of,1.0
the song,1.0
are all,1.0
this is,1.0
and in,1.0
than the,1.0
with all,1.0
to it,1.0
the very,1.0
of an,1.0
any other,1.0
with some,1.0
to find,1.0
song on,1.0
the way,1.0
the early,1.0
the world,1.0
me of,1.0
this recording,1.0
with it,1.0
the two,1.0
the most,1.0
in some,1.0
with his,1.0
a song,1.0
the right,1.0
some great,1.0
the tracks,1.0
end of,1.0
the beginning,1.0
you do,1.0
of all,1.0
bought the,1.0
this collection,1.0
and a,1.0
i say,1.0
with a,1.0
on his,1.0
song is,1.0
good as,1.0
the end,1.0
at the,1.0
with their,1.0
that will,1.0
is a,1.0
and you,1.0
the time,1.0
lots of,1.0
get it,1.0
as good,1.0
you can,1.0
can be,1.0
as well,1.0
a little,1.0
and is,1.0
into the,1.0
this time,1.0
a very,1.0
album in,1.0
music that,1.0
rock and,1.0
fans of,1.0
as it,1.0
tracks are,1.0
the listener,1.0
what it,1.0
and this,1.0
the live,1.0
you like,1.0
the title,1.0
even if,1.0
has a,1.0
through the,1.0
their music,1.0
you have,1.0
in all,1.0
and more,1.0
years ago,1.0
best song,1.0
it a,1.0
good album,1.0
for those,1.0
at times,1.0
not as,1.0
such as,1.0
album has,1.0
song that,1.0
to that,1.0
is definitely,1.0
the track,1.0
song and,1.0
a bit,1.0
collection of,1.0
here is,1.0
not only,1.0
album from,1.0
songs like,1.0
it has,1.0
album for,1.0
as they,1.0
with an,1.0
to their,1.0
is an,1.0
very good,1.0
album with,1.0
album that,1.0
is also,1.0
have heard,1.0
i love,1.0
a really,1.0
a true,1.0
the great,1.0
may not,1.0
got to,1.0
a more,1.0
like to,1.0
long time,1.0
is as,1.0
title track,1.0
as one,1.0
it out,1.0
about a,1.0
even though,1.0
bit of,1.0
really good,1.0
sound of,1.0
the late,1.0
never heard,1.0
first time,1.0
along with,1.0
of my,1.0
time i,1.0
all in,1.0
very well,1.0
not be,1.0
well as,1.0
if not,1.0
album of,1.0
is probably,1.0
for all,1.0
and one,1.0
of course,1.0
in its,1.0
one of,1.0
but still,1.0
get this,1.0
all time,1.0
quite a,1.0
you will,1.0
side of,1.0
his best,1.0
best songs,1.0
in your,1.0
was in,1.0
a while,1.0
the second,1.0
i first,1.0
track is,1.0
at first,1.0
their best,1.0
great songs,1.0
album to,1.0
this song,1.0
track on,1.0
still a,1.0
the more,1.0
i listen,1.0
just as,1.0
voice and,1.0
is still,1.0
a classic,1.0
a nice,1.0
best of,1.0
anyone who,1.0
is another,1.0
probably the,1.0
a great,1.0
the best,1.0
is worth,1.0
recommend this,1.0
worth the,1.0
love the,1.0
the greatest,1.0
is great,1.0
is one,1.0
in love,1.0
is my,1.0
are great,1.0
an excellent,1.0
mix of,1.0
great album,1.0
must have,1.0
love this,1.0
best album,1.0
love it,1.0
a must,1.0
